case_id,planner_success,evaluation_success,computation_time_s,collision_percent,terminal_reached,execution_time_s,control_effort_integral,steering_integral,gear_changes,smoothness_cost,time_upper_bound_active,code,solve_result_num
1,True,True,13.3588739,0,False,28.743617891817507,1.8291139218465606,8.690616710703809,2,115.19730632550369,False,evaluated,
2,False,False,64.5078132,,,,,,,,,planner_failed,
3,True,True,10.7165309,0,True,21.212126316883968,1.6366037918848875,5.81258209020417,1,79.49185882089057,False,evaluated,
4,True,True,10.8809719,0,True,25.80645248936097,1.797777490873418,7.059388122379206,1,93.57165613252623,False,evaluated,
5,True,True,11.1912757,0,True,22.950821652477895,1.4013443840925435,6.417869764673365,1,83.19214148765909,False,evaluated,
6,True,True,11.203422,0.7037692673027934,True,23.15939687782299,1.5349654930045775,5.176141772180798,1,72.11107265185376,False,evaluated,
7,True,True,9.6754184,0,True,23.461299263604687,3.791777242939452,7.331575094203853,4,131.23352337143305,True,evaluated,
8,True,True,14.9027501,2.5673940949935816,False,31.158752437341185,2.8771269534476454,11.269323780337004,5,166.4645073378465,True,evaluated,
9,True,True,20.47175,0,True,32.216824812119434,2.150728562990712,10.337120289357,2,134.87848852347713,False,evaluated,
10,True,True,30.6738724,0,True,32.4933219018776,1.829421384499235,11.306124361912573,3,146.35545746411807,False,evaluated,
11,True,True,21.2546893,3.3004031364904978,False,22.57160508301762,1.6184710925711001,5.536387924666544,4,91.54859017237644,False,evaluated,
12,True,True,16.8445076,0,True,23.199764510343826,1.8430374487727403,4.726017514900565,1,70.69054963673305,False,evaluated,
