case_id,planner_success,evaluation_success,computation_time_s,disc_count,collision_percent,terminal_reached,execution_time_s,control_effort_integral,steering_integral,gear_changes,smoothness_cost
1,True,True,5.1439353,8,0,True,12.064118794950563,11.711375315291656,2.1657809031196833,2,148.7715621841134
2,True,True,70.8103039,8,0,True,34.67022943836314,6.432822054913428,5.8532206523690276,9,167.86042707282456
3,True,True,1.135805,8,0,True,9.991288642706662,10.648698057289929,1.9881727372323381,1,131.36870794522267
4,True,True,1.2988169,8,0,True,10.618421399528254,13.10827457699155,1.5768289246527176,1,151.8510350164427
5,True,True,1.472817,8,0,True,9.785722911946669,10.900836594695997,1.761780893949175,1,131.62617488645174
6,True,True,34.4204662,128,0,True,11.086027198780153,11.252372959923582,1.9476892210990209,1,137.00062181022602
7,True,True,6.1221464,32,0,True,9.28579916272612,9.374615670784216,1.86316251353201,1,117.37778184316227
8,True,True,1.2163048,2,0,True,16.47148203479627,14.610294842122304,3.5085183974679,4,201.18813239590202
9,True,True,3.7532221,18,0,True,15.418074624845474,9.500807919679467,2.2377623794093338,3,132.385702990888
10,True,True,5.0555479,32,0,True,19.679200397185248,15.46047450258865,2.9006657596705208,3,198.6114026225917
11,True,True,11.5053463,50,0,True,24.490308958372786,8.559482393476808,3.9311033293713025,6,154.9058572284811
12,True,True,3.63055,18,0,True,14.765121943585713,10.610644749181365,2.004423186118485,2,136.1506793529985
