case_id,planner_success,evaluation_success,computation_time_s,collision_percent,terminal_reached,execution_time_s,control_effort_integral,steering_integral,gear_changes,smoothness_cost,time_upper_bound_active,code,solve_result_num
1,True,True,11.95424,0,True,15.706796799558614,9.681091544613079,1.162487226883565,2,118.43578771496644,False,evaluated,
2,False,False,9.2943717,,,,,,,,,planner_failed,
3,True,True,9.7421166,0,True,22.43649574746414,5.128398117517759,3.2836099746001617,1,89.12008092117921,False,evaluated,
4,True,True,10.1894682,0,True,20.801571728972995,8.972248254320402,1.8669451554417646,1,113.39193409762167,False,evaluated,
5,True,True,10.7125358,0,True,55.37585043523316,2.833830261925221,11.888079641348991,4,167.21909903274212,False,evaluated,
6,True,True,10.7530081,0,True,37.11162296279413,5.278375975623604,7.476348770043856,3,142.5472474566746,False,evaluated,
7,True,True,9.9685667,0,True,26.64345137525553,5.5787728641307694,2.773341195627528,2,93.52114059758297,False,evaluated,
8,True,True,10.8872199,0,True,44.94529082904768,2.7339824539690207,13.01930110489822,5,182.5328355886724,False,evaluated,
9,False,False,8.9542007,,,,,,,,,planner_failed,
10,True,True,9.2931294,0,True,44.22269505437511,4.756403770393596,5.141622414296605,3,113.98026184690201,False,evaluated,
11,True,True,9.4360305,0,True,19.473918939095945,14.198323792842416,0.7040160263381425,2,159.0233981918056,False,evaluated,
12,True,True,10.0865614,0,False,38.544907778392606,6.555779951153045,7.122400590503301,5,161.78180541656346,False,evaluated,
