case_id,planner_success,evaluation_success,computation_time_s,collision_percent,terminal_reached,execution_time_s,control_effort_integral,steering_integral,gear_changes,smoothness_cost
1,True,True,5.5461673,0,True,12.10842317633482,8.49464328075032,2.1987875935174532,2,116.93430874267774
2,True,True,137.4397337,0.04037322806387942,False,22.29012748916541,2.722914206064697,4.0663673278881625,3,82.8928153395286
3,True,True,1.5729571,0,False,15.53683723314166,2.5251433536062287,3.854185801227616,1,68.79329154833844
4,True,True,1.6440519,0,False,17.627871383692938,2.3137964316818254,3.1567992611617086,1,59.70595692843534
5,True,True,1.6145292,0,False,16.31352398809565,1.8462403472463023,3.7223584225832105,1,60.68598769829513
6,True,True,3.0384135,0,True,12.198657008969704,6.651675891513492,2.307757749873144,1,94.59433641386637
7,True,True,1.7902938,0,True,9.852410255101129,6.2426662270711475,2.2006269113749704,1,89.43293138446117
8,True,True,2.2691677,0.0883489784649365,False,18.108258512372686,4.546224845319203,4.5129508367613465,2,100.5917568208055
9,True,True,2.9574765,0,False,18.864394588437143,4.46336181078079,3.9999867186751676,2,94.63348529455958
10,True,True,50.8729711,0,True,16.56554314209625,3.360711139044273,3.7576013212817796,0,71.18312460326052
11,True,True,9.9810035,0,False,25.129384032197564,1.9150253077080417,5.8597456927942995,1,82.74771000502341
12,True,True,9.7288883,0,False,21.039130848751867,2.0547723101389455,3.3468794657306207,1,59.016517758695656
