case_id,planner_success,evaluation_success,computation_time_s,collision_percent,terminal_reached,execution_time_s,control_effort_integral,steering_integral,gear_changes,smoothness_cost,time_upper_bound_active,code
1,True,True,1.3965855,0,False,29.612486533161743,5.121464172084809,9.956541847264429,3,165.78006019349237,True,evaluated
2,True,True,30.5420648,0,False,39.67668990019152,4.160848534574972,13.501277731764572,5,201.62126266339544,True,evaluated
3,True,True,1.7508995,0,True,27.370063697690483,2.986814941188218,8.696117019679322,2,126.8293196086754,True,evaluated
4,True,True,1.6744661,0,True,28.42608043516081,2.4627756313050053,9.731981762507658,2,131.94757393812665,True,evaluated
5,True,True,2.3437072,0,True,23.52941256946633,2.2197060051919175,5.983740506492275,2,92.03446511684191,False,evaluated
6,True,True,4.1246254,0,True,27.166157944657627,1.8783299326692036,6.818296429649409,1,91.96626362318612,False,evaluated
7,True,True,2.7514619,0,True,24.01458159852909,2.4006188877906918,7.027289377302096,2,104.27908265092788,True,evaluated
8,True,True,2.0833821,0,False,32.52677985037241,5.171988463895603,12.303858493389313,3,189.75846957284915,True,evaluated
9,True,True,5.1218251,0,False,35.27204815550601,3.8737997045143384,13.21118310668463,3,185.84982811198967,True,evaluated
10,True,True,10.335123,0,True,40.55047967312603,2.2842125267587603,13.929872765902045,2,172.14085292660803,False,evaluated
11,True,True,8.1904698,0,False,39.609523775661835,2.2076420498697527,9.323092462517081,3,130.30734512386834,False,evaluated
12,True,True,8.7317565,0,True,29.753086399263914,2.808018269484232,7.145388019237599,2,109.53406288721831,False,evaluated
