case_id,computation_time_s,search_wall_s,search_loop_s,heuristic_setup_s,cg_wall_s,output_wall_s,search_expanded,retained_search_path
1,1.3965855,0.1804227,0.1351822,0.0296541,1.1386068,0.032042,65,True
2,30.5420648,26.6824286,26.6119459,0.0553436,3.8159185,0.0110229,25630,True
3,1.7508995,0.2592159,0.218835,0.0281328,1.457192,0.0056643,135,True
4,1.6744661,0.6454223,0.6098419,0.0312276,1.0010877,0.0034275,415,False
5,2.3437072,0.1382742,0.1011113,0.0333547,2.1662494,0.0074976,55,False
6,4.1246254,0.5584928,0.5265077,0.0290469,3.5384925,0.0033164,365,False
7,2.7514619,0.0511928,0.0138112,0.0346213,2.6739902,0.0022075,1,False
8,2.0833821,0.042458,0.017412,0.0221271,2.0146242,0.0025832,1,True
9,5.1218251,4.0055902,3.9696467,0.0329022,1.0900744,0.0029282,3390,True
10,10.335123,8.7395035,8.7064519,0.0296463,1.5672262,0.0051704,8020,False
11,8.1904698,2.5969738,2.5700236,0.0240357,5.5671407,0.0035639,2165,False
12,8.7317565,3.0968938,3.0693707,0.0242071,5.6067721,0.0051804,2415,False
