x0,y0,theta0,xf,yf,thetaf,id,name,obstacles,theta0_deg,thetaf_deg,start_goal_distance,reference
-2.72314737668958,2.32044572546497,0.279252680319093,-1.30297462006193,-0.553079912376567,0.436332312998582,1,Parallel - open slot,3,16,25,3.2053143761572,"TPCAP 1; Li et al. 2016, Figs. 8-15"
-2.72314737668958,2.32044572546497,0.279252680319093,-1.30297462006193,-0.553079912376567,0.436332312998582,2,Parallel - compact slot,3,16,25,3.2053143761572,"TPCAP 1; Li et al. 2016, Figs. 8-15"
-0.989859828470636,5.10589634833886,-0.558505360638185,-0.642623552381328,-1.26121973498863,1.0471975511966,3,Perpendicular - skewed neighbors,3,-32,60,6.37657747149676,"Li and Shao 2015, Fig. 12; Jin et al., Fig. 13"
-4.49071613697502,3.21301549593402,0.191986217719376,-0.318418217423741,-1.3792208267035,1.34390352403563,4,Angled - asymmetric mouth,4,11,77,6.20457124807535,"TPCAP 3; Vlasak et al., Fig. 8, Scenario 2"
3.78989867000353,6.07343955852905,-0.314159265358979,-1.19538094495379,-0.365464630903421,0.436332312998582,5,Irregular - four-car pocket,4,-18,25,8.14324873745117,"Li and Shao 2015, Table 2 Case 4 and Fig. 13"
-5.59783504362437,3.42114641960425,0.191986217719376,0.507269832581372,-1.32148309370679,1.88495559215388,6,Twin pillars - staggered bay entrance,5,11,108,7.7307722932447,"Vlasak et al., Fig. 12, Scenarios 5-6; Jin et al., Fig. 13"
1.5,-6.8,-2.96705972839036,0,0,-1.07874333162734,7,End bay - wall and side row,6,-170,-61.8074400801279,6.96347614342147,"TPCAP 17, original obstacles 1,2,3,4,8 and wall 10"
-1.24379800490052,5.46378682993814,-0.645771823237902,-1.40172445130369,-0.196999524408973,0.139626340159546,8,Post enclosure - protected parking pocket,6,-37,8,5.66298886737702,"User-specified post enclosure; pillar motif informed by Vlasak et al."
-1.1568381799931,5.63093361774925,-0.628318530717959,-1.21332031414384,0.729036395035182,-0.471238898038469,9,Pillar choice - two-sided parking approach,4,-36,-27,4.90222261974404,"Vlasak et al., Fig. 12, Scenarios 5-6"
-3.30290270791351,6.01505059846196,-0.139626340159546,-0.437413555537738,-1.34622049881579,1.25663706143592,10,Wall-side bay - parking at aisle end,4,-8,72,7.89932530346738,"New physically aligned end-bay design; local wall-bounded bays in Vlasak et al., Fig. 8"
2.93487544339201,-3.92765911603522,3.40339204138894,0.59821614949396,-1.28287867255038,2.00712863979348,11,Tandem carport - rear position parking,5,195,115,3.52914157409419,"New synthetic tandem-carport geometry, using the common TPCAP vehicle"
-3.81321729108092,5.91095372093214,0.191986217719376,-0.703854264016446,-1.71704089206573,1.88495559215388,12,Offset doorway - wall-side garage parking,5,11,108,8.23738066681393,"New synthetic offset-doorway garage, using the common TPCAP vehicle"
